,City,Country,Lat,Lng,Max Temp,Humidity,Cloudiness,Wind Speed,Current Description
0,Khani,GE,41.9563,42.9566,63.97,98,100,2.46,light rain
1,Atar,MR,20.5169,-13.0499,99.73,24,0,13.65,clear sky
2,Yerbogachen,RU,61.2767,108.0108,51.28,94,36,4.38,scattered clouds
3,Kamaishi,JP,39.2667,141.8833,69.4,96,100,10.92,overcast clouds
4,Punta Arenas,CL,-53.15,-70.9167,33.91,93,100,9.22,light snow
5,Cabo San Lucas,MX,22.8909,-109.9124,93.61,33,40,9.22,scattered clouds
6,Meulaboh,ID,4.1363,96.1285,76.44,90,100,4.05,overcast clouds
7,Atuona,PF,-9.8,-139.0333,76.86,82,48,15.3,light rain
8,Yulara,AU,-25.2406,130.9889,43.16,72,0,8.93,clear sky
9,Thompson,CA,55.7435,-97.8558,82.56,30,75,6.91,broken clouds
10,Pathein,MM,16.7833,94.7333,78.33,91,100,4.7,overcast clouds
11,Busselton,AU,-33.65,115.3333,64.27,82,100,19.95,light rain
12,Nikolskoye,RU,59.7035,30.7861,62.49,86,68,2.26,broken clouds
13,Zemetchino,RU,53.4973,42.6163,64.56,94,100,6.67,overcast clouds
14,Hithadhoo,MV,-0.6,73.0833,82.13,75,99,5.46,overcast clouds
15,Dunedin,NZ,-45.8742,170.5036,45.81,98,100,10.0,overcast clouds
16,Natal,BR,-5.795,-35.2094,80.82,83,75,13.8,broken clouds
17,Mahebourg,MU,-20.4081,57.7,68.29,83,75,12.66,broken clouds
18,Ribeira Grande,PT,38.5167,-28.7,70.2,68,20,13.8,few clouds
19,Iskateley,RU,67.6803,53.1512,57.76,75,64,12.06,broken clouds
20,Maniitsoq,GL,65.4167,-52.9,42.73,89,29,16.15,scattered clouds
21,Tebingtinggi,ID,3.3285,99.1625,74.84,90,100,2.89,overcast clouds
22,Georgetown,MY,5.4112,100.3354,82.33,91,20,0.0,few clouds
23,Dikson,RU,73.5069,80.5464,34.23,97,100,5.61,overcast clouds
24,Yellowknife,CA,62.456,-114.3525,77.56,38,20,19.57,smoke
25,Tuktoyaktuk,CA,69.4541,-133.0374,77.0,61,40,6.91,scattered clouds
26,Ushuaia,AR,-54.8,-68.3,37.06,93,75,3.44,light snow
27,Iquitos,PE,-3.7481,-73.2472,84.24,70,75,6.91,broken clouds
28,Vaini,TO,-21.2,-175.2,71.76,83,20,8.05,few clouds
29,Hamilton,US,39.1834,-84.5333,78.75,91,75,5.75,broken clouds
30,Upernavik,GL,72.7868,-56.1549,38.7,96,79,14.5,broken clouds
31,Nanortalik,GL,60.1432,-45.2371,45.7,84,100,8.66,light rain
32,Kodiak,US,57.79,-152.4072,54.91,88,100,16.11,light rain
33,Ahipara,NZ,-35.1667,173.1667,59.22,91,18,11.95,few clouds
34,Bethel,US,41.3712,-73.414,87.35,58,75,3.44,broken clouds
35,Gizo,SB,-8.103,156.8419,80.87,75,20,7.05,few clouds
36,Hermanus,ZA,-34.4187,19.2345,54.81,70,0,7.9,clear sky
37,Misratah,LY,32.3754,15.0925,80.42,73,0,13.98,clear sky
38,Ilulissat,GL,69.2167,-51.1,55.42,47,0,13.8,clear sky
39,Moundou,TD,8.5667,16.0833,74.59,83,63,3.87,broken clouds
40,Sinop,TR,41.7711,34.8709,64.8,60,6,3.36,clear sky
41,Cairns,AU,-16.9167,145.7667,61.07,94,0,8.05,clear sky
42,Cayenne,GF,4.9333,-52.3333,84.24,1,70,10.36,broken clouds
43,Albany,US,42.6001,-73.9662,85.03,52,100,1.99,overcast clouds
44,Ancud,CL,-41.8697,-73.8203,46.22,81,100,18.34,light rain
45,Guerrero Negro,MX,27.9769,-114.0611,79.38,52,22,15.28,few clouds
46,Pinheiro Machado,BR,-31.5783,-53.3811,50.05,73,99,12.3,overcast clouds
47,Iqaluit,CA,63.7506,-68.5145,42.53,81,20,10.36,few clouds
48,Tiksi,RU,71.6872,128.8694,41.05,65,100,6.98,overcast clouds
49,Aneho,TG,6.2333,1.6,79.0,85,83,13.33,broken clouds
50,Mataura,NZ,-46.1927,168.8643,44.47,96,100,7.27,light rain
51,Rikitea,PF,-23.1203,-134.9692,74.59,77,84,22.88,light rain
52,Aykhal,RU,66.0,111.5,42.44,90,100,3.8,overcast clouds
53,Pangkalanbuun,ID,-2.6833,111.6167,72.43,99,83,1.59,broken clouds
54,Nouadhibou,MR,20.931,-17.0347,71.58,78,5,19.57,clear sky
55,Bathsheba,BB,13.2167,-59.5167,84.81,90,40,16.11,scattered clouds
56,Mitsamiouli,KM,-11.3847,43.2844,76.06,70,8,10.94,clear sky
57,Vila Velha,BR,-20.3297,-40.2925,75.15,80,75,6.91,broken clouds
58,Escanaba,US,45.7453,-87.0646,77.97,53,0,5.75,clear sky
59,New Norfolk,AU,-42.7826,147.0587,47.7,86,100,3.0,overcast clouds
60,Hobart,AU,-42.8794,147.3294,48.06,92,75,8.05,broken clouds
61,Shakawe,BW,-18.3667,21.85,57.85,33,0,4.85,clear sky
62,San Joaquin,US,37.9333,-121.3011,89.53,37,0,9.22,clear sky
63,Sao Filipe,CV,14.8961,-24.4956,73.99,83,65,9.24,broken clouds
64,Nanakuli,US,21.3906,-158.1547,80.55,67,75,8.05,light rain
65,Puerto Ayora,EC,-0.7393,-90.3518,78.76,88,58,10.0,broken clouds
66,Lebu,CL,-37.6167,-73.65,51.98,81,100,21.39,overcast clouds
67,Lagoa,PT,39.05,-27.9833,66.11,80,45,14.52,scattered clouds
68,Alor Setar,MY,6.121,100.3601,78.78,100,20,1.14,few clouds
69,Kahului,US,20.8947,-156.47,81.97,75,40,20.71,scattered clouds
70,Hilo,US,19.7297,-155.09,91.27,63,0,4.61,clear sky
71,Jamestown,US,42.097,-79.2353,83.05,50,40,5.75,scattered clouds
72,Carnarvon,AU,-24.8667,113.6333,65.71,41,0,2.95,clear sky
73,Itarema,BR,-2.9248,-39.9167,81.07,75,0,15.86,clear sky
74,Port-Gentil,GA,-0.7193,8.7815,71.56,100,100,10.36,light rain
75,Salinopolis,BR,-0.6136,-47.3561,82.54,75,8,13.47,clear sky
76,Sitka,US,57.0531,-135.33,58.89,77,100,4.61,overcast clouds
77,Hay River,CA,60.8156,-115.7999,60.39,86,100,8.1,light rain
78,Butaritari,KI,3.0707,172.7902,81.55,78,100,15.79,light rain
79,Huilong,CN,31.8111,121.655,79.68,90,66,4.63,broken clouds
80,Sao Gabriel Da Cachoeira,BR,-0.1303,-67.0892,85.8,74,40,8.05,scattered clouds
81,Ponazyrevo,RU,58.3578,46.3142,61.99,96,78,4.68,light rain
82,Hofn,IS,64.2539,-15.2082,49.28,81,16,9.55,few clouds
83,Kapaa,US,22.0752,-159.319,80.92,70,40,17.27,scattered clouds
84,Bluff,NZ,-46.6,168.3333,44.8,87,100,24.94,overcast clouds
85,Katsuura,JP,35.1333,140.3,72.12,81,47,8.61,scattered clouds
86,Khatanga,RU,71.9667,102.5,51.66,85,100,12.12,overcast clouds
87,Marzuq,YE,14.4,46.4667,79.75,31,100,5.82,overcast clouds
88,Tasiilaq,GL,65.6145,-37.6368,46.56,91,92,6.8,overcast clouds
89,Turmalina,BR,-17.2856,-42.73,76.98,37,32,5.5,scattered clouds
90,Kudahuvadhoo,MV,2.6708,72.8944,81.3,79,89,10.27,overcast clouds
91,Muroto,JP,33.2833,134.15,76.42,91,100,8.93,overcast clouds
92,Husavik,IS,66.0449,-17.3389,47.3,80,11,3.98,few clouds
93,Laichingen,DE,48.4894,9.6861,61.66,77,2,1.79,clear sky
94,Batagay,RU,67.6333,134.6333,39.11,95,100,9.35,light rain
95,Longyearbyen,SJ,78.2186,15.6401,49.84,50,0,19.57,clear sky
96,Troitsko-Pechorsk,RU,62.7084,56.1964,63.52,92,68,4.0,light rain
97,Yelizovo,RU,53.1873,158.3805,66.11,72,0,8.99,clear sky
98,Bengkulu,ID,-3.8004,102.2655,74.05,89,4,3.91,clear sky
99,Sur,OM,22.5667,59.5289,85.28,75,96,11.48,light rain
100,Cherskiy,RU,68.75,161.3,63.41,88,100,13.2,moderate rain
101,Sabaudia,IT,41.3003,13.0282,78.89,49,0,7.05,clear sky
102,Constitucion,CL,-35.3333,-72.4167,53.44,74,96,13.89,overcast clouds
103,Hengshui,CN,37.7322,115.7011,82.44,60,45,4.81,scattered clouds
104,Qaanaaq,GL,77.484,-69.3632,41.67,75,100,3.11,overcast clouds
105,Avarua,CK,-21.2078,-159.775,73.45,60,20,9.22,few clouds
106,Alta Floresta,BR,-9.8756,-56.0861,94.82,29,20,10.36,few clouds
107,Severo-Kurilsk,RU,50.6789,156.125,57.29,91,19,12.03,few clouds
108,Nabire,ID,-3.3667,135.4833,74.48,92,59,3.36,broken clouds
109,Bandarbeyla,SO,9.4942,50.8122,75.27,79,75,33.31,broken clouds
110,Chuy,UY,-33.6971,-53.4616,50.83,66,100,8.84,overcast clouds
111,Carman,CA,49.4992,-98.0016,77.92,55,83,7.52,broken clouds
112,Staryy Nadym,RU,65.6118,72.6842,70.45,58,50,12.64,scattered clouds
113,Boshan,CN,36.4833,117.8333,74.91,65,51,3.65,broken clouds
114,Souillac,MU,-20.5167,57.5167,68.38,83,75,12.66,broken clouds
115,Chokurdakh,RU,70.6333,147.9167,44.65,68,72,13.96,broken clouds
116,Leningradskiy,RU,69.3833,178.4167,56.82,63,100,13.51,overcast clouds
117,Tatawin,TN,32.9297,10.4518,80.74,40,0,12.68,clear sky
118,Hambantota,LK,6.1241,81.1185,79.63,79,77,17.9,broken clouds
119,Port Alfred,ZA,-33.5906,26.891,63.54,46,0,11.07,clear sky
120,Buraydah,SA,26.326,43.975,95.45,11,99,8.84,overcast clouds
121,La Ronge,CA,55.1001,-105.2842,70.02,68,75,12.66,broken clouds
122,College,US,64.8569,-147.8028,74.21,58,40,4.61,smoke
123,Hearst,CA,49.6835,-83.6665,71.13,33,2,9.31,clear sky
124,Kisangani,CD,0.5167,25.2,78.71,50,100,1.92,overcast clouds
125,Codrington,AU,-38.2667,141.9667,49.53,71,99,12.08,overcast clouds
126,Bluefields,NI,12.0137,-83.7635,80.67,94,75,9.22,broken clouds
127,Matara,LK,5.9485,80.5353,79.43,85,100,13.22,overcast clouds
128,Byron Bay,AU,-28.65,153.6167,47.53,78,0,9.24,clear sky
129,Bambous Virieux,MU,-20.3428,57.7575,68.25,83,75,12.66,light rain
130,Santa Cruz De Tenerife,ES,28.4682,-16.2546,85.91,78,20,16.11,few clouds
131,Mar Del Plata,AR,-38.0023,-57.5575,57.09,69,0,11.99,clear sky
132,Teahupoo,PF,-17.8333,-149.2667,74.53,70,6,2.82,clear sky
133,Norman Wells,CA,65.282,-126.8329,78.84,44,20,11.5,smoke
134,Caravelas,BR,-17.7125,-39.2481,72.84,74,0,4.59,clear sky
135,Mayo,US,38.8876,-76.5119,88.12,75,75,11.5,broken clouds
136,Halifax,CA,44.6453,-63.5724,69.69,66,98,12.66,overcast clouds
137,Cape Town,ZA,-33.9258,18.4232,60.39,76,0,3.0,clear sky
138,Coihaique,CL,-45.5752,-72.0662,41.61,100,100,4.0,light rain
139,Fortuna,US,40.5982,-124.1573,72.93,73,20,5.99,few clouds
140,Makakilo City,US,21.3469,-158.0858,79.12,71,75,12.66,light rain
141,Naze,JP,28.3667,129.4833,77.92,89,100,10.6,overcast clouds
142,Hirado,JP,33.3597,129.5531,80.38,92,32,8.12,scattered clouds
143,Inyonga,TZ,-6.7167,32.0667,63.05,49,2,5.39,clear sky
144,Iquique,CL,-20.2208,-70.1431,64.44,68,41,2.51,scattered clouds
145,Kjollefjord,NO,70.9457,27.3465,51.85,93,75,4.61,broken clouds
146,Kuppam,IN,12.75,78.3667,71.8,78,100,17.94,overcast clouds
147,Camacha,PT,33.0833,-16.3333,65.62,83,40,16.11,scattered clouds
148,Castro,BR,-24.7911,-50.0119,66.06,61,100,3.71,overcast clouds
149,Nelson Bay,AU,-32.7167,152.15,49.08,87,1,11.01,clear sky
150,Stornoway,GB,58.2093,-6.3865,55.36,85,100,13.8,overcast clouds
151,Kifri,IQ,34.6959,44.9661,93.31,18,0,6.8,clear sky
152,Margate,GB,51.3813,1.3862,70.88,63,45,3.0,scattered clouds
153,Airai,TL,-8.9266,125.4092,57.07,96,68,3.53,broken clouds
154,Ambilobe,MG,-13.2,49.05,66.9,74,65,4.45,broken clouds
155,Port Lincoln,AU,-34.7333,135.8667,52.93,80,67,8.03,broken clouds
156,Northam,GB,51.0333,-4.2167,65.61,80,3,8.61,clear sky
157,Torbay,CA,47.6666,-52.7314,66.27,74,75,14.97,broken clouds
158,Bowen,AU,-20.0167,148.2333,58.19,82,0,6.93,clear sky
159,Micheweni,TZ,-4.9667,39.8333,75.29,72,2,14.07,clear sky
160,Bud,US,39.447,-86.1758,77.76,93,100,2.91,overcast clouds
161,Tomiya,JP,38.3931,140.8861,68.76,82,100,7.0,overcast clouds
162,Bredasdorp,ZA,-34.5322,20.0403,51.58,92,0,3.44,clear sky
163,Cidreira,BR,-30.1811,-50.2056,60.64,77,94,12.5,overcast clouds
164,Lata,PT,40.1629,-8.3327,78.21,32,0,3.09,clear sky
165,Imbituba,BR,-28.24,-48.6703,67.08,85,68,2.62,broken clouds
166,Port Hardy,CA,50.6996,-127.4199,59.18,82,75,6.91,light intensity shower rain
167,Ekhabi,RU,53.5102,142.9671,64.72,83,100,11.01,overcast clouds
168,Ayame,CI,5.6083,-3.1563,73.51,94,100,5.46,overcast clouds
169,Krasnoselkup,RU,65.7,82.4667,62.74,79,100,7.74,overcast clouds
170,Cururupu,BR,-1.8283,-44.8683,82.11,70,1,5.21,clear sky
171,Aksarka,RU,66.5606,67.7975,64.98,91,100,11.48,overcast clouds
172,Samarai,PG,-10.6167,150.6667,79.9,79,88,7.25,overcast clouds
173,Isiro,CD,2.7739,27.616,70.48,72,86,0.6,overcast clouds
174,Lakitelek,HU,46.876,19.995,75.13,56,0,16.11,clear sky
175,Saint-Philippe,RE,-21.3585,55.7679,67.59,78,99,17.16,light rain
176,Galesong,ID,-5.3166,119.3661,75.22,86,61,7.67,broken clouds
177,Fergus Falls,US,46.283,-96.0776,80.58,60,40,5.75,scattered clouds
178,Trat,TH,12.5,102.5,80.91,97,100,5.26,moderate rain
179,Grand Gaube,MU,-20.0064,57.6608,68.4,76,76,5.99,broken clouds
180,Mount Isa,AU,-20.7333,139.5,49.77,62,0,10.36,clear sky
181,Esperance,AU,-33.8667,121.9,55.9,64,5,20.2,clear sky
182,Okhotsk,RU,59.3833,143.3,59.65,81,100,7.9,overcast clouds
183,Chiari,IT,45.5359,9.9304,82.31,42,0,7.49,clear sky
184,East London,ZA,-33.0153,27.9116,62.29,45,0,8.5,clear sky
185,Fort Saint James,CA,54.4333,-124.25,68.16,38,63,7.81,broken clouds
186,Kuala Terengganu,MY,5.3302,103.1408,73.35,100,20,3.44,moderate rain
187,Mercedes,AR,-34.6515,-59.4307,55.94,32,100,13.4,overcast clouds
188,Rio Gallegos,AR,-51.6226,-69.2181,33.85,75,75,8.05,broken clouds
189,Tibati,CM,6.4667,12.6333,67.73,95,100,3.67,overcast clouds
190,Provideniya,RU,64.3833,-173.3,53.37,79,47,3.24,scattered clouds
191,Touba,CI,8.2833,-7.6833,72.23,94,95,2.77,moderate rain
192,Antalaha,MG,-14.9003,50.2788,67.8,85,35,10.4,scattered clouds
193,Naujamiestis,LT,55.6869,24.1523,58.39,96,87,9.26,overcast clouds
194,Taltal,CL,-25.4,-70.4833,62.6,68,72,2.48,broken clouds
195,Fort Nelson,CA,58.8053,-122.7002,69.39,68,75,8.05,broken clouds
196,Mukhen,RU,48.1,136.1,70.3,97,92,2.84,overcast clouds
197,Te Anau,NZ,-45.4167,167.7167,42.51,97,100,7.29,overcast clouds
198,Asau,RO,46.4333,26.4,63.52,72,88,6.26,overcast clouds
199,Ponta Do Sol,PT,32.6667,-17.1,75.7,87,5,3.47,clear sky
200,Kutoarjo,ID,-7.7169,109.9128,70.88,88,7,4.65,clear sky
201,Touros,BR,-5.1989,-35.4608,76.23,87,25,15.35,light rain
202,Saint-Francois,FR,46.4154,3.9054,74.64,41,0,10.36,clear sky
203,Narsaq,GL,60.9167,-46.05,55.62,61,100,3.62,overcast clouds
204,Lorengau,PG,-2.0226,147.2712,77.76,89,100,16.53,heavy intensity rain
205,Teya,RU,60.3778,92.6267,56.79,75,100,2.44,overcast clouds
206,Ulagan,RU,50.6321,87.9563,46.76,95,38,1.97,scattered clouds
207,Viedma,AR,-40.8135,-62.9967,58.14,18,56,21.16,broken clouds
208,Murmashi,RU,68.8154,32.8115,55.81,100,40,6.71,scattered clouds
209,Kaitangata,NZ,-46.2817,169.8464,45.66,92,100,19.48,overcast clouds
210,Clyde River,CA,70.4692,-68.5914,43.03,70,20,8.05,few clouds
211,Barrow,US,71.2906,-156.7887,41.02,87,40,11.5,scattered clouds
212,Beringovskiy,RU,63.05,179.3167,50.23,85,75,12.39,broken clouds
213,Saldanha,ZA,-33.0117,17.9442,50.05,62,0,4.92,clear sky
214,Padang,ID,-0.9492,100.3543,77.22,84,100,2.64,overcast clouds
215,Pevek,RU,69.7008,170.3133,50.02,88,96,26.91,overcast clouds
216,Xining,CN,36.6167,101.7667,58.69,96,68,2.28,light rain
217,Rudbar,AF,30.15,62.6,92.16,13,6,8.61,clear sky
218,Rafaela,AR,-31.2503,-61.4867,62.01,29,100,3.0,overcast clouds
219,Moberly,US,39.4184,-92.4382,84.18,72,75,10.36,broken clouds
220,Alto Araguaia,BR,-17.3147,-53.2153,84.92,24,26,3.89,scattered clouds
221,Phan Thiet,VN,10.9333,108.1,76.15,93,100,5.97,overcast clouds
222,Chapais,CA,49.7834,-74.8492,56.98,32,23,10.18,few clouds
223,Verkhnevilyuysk,RU,63.4453,120.3167,54.61,74,53,4.29,broken clouds
224,Palmer,US,42.1584,-72.3287,87.17,45,75,9.22,broken clouds
225,Aras,ES,42.5617,-2.356,75.61,41,0,3.44,clear sky
226,Faanui,PF,-16.4833,-151.75,78.04,66,0,6.51,clear sky
227,Olafsvik,IS,64.8945,-23.7142,50.52,75,86,6.53,overcast clouds
228,Borujerd,IR,33.8973,48.7516,77.23,19,0,0.63,clear sky
229,Rawlins,US,41.7911,-107.2387,87.69,12,0,12.66,clear sky
230,Egvekinot,RU,66.3167,-179.1667,45.1,80,63,8.84,broken clouds
231,San Cristobal,VE,7.7669,-72.225,71.78,83,100,6.33,overcast clouds
232,Nemuro,JP,43.3236,145.575,56.91,89,100,7.23,overcast clouds
233,Quatre Cocos,MU,-20.2078,57.7625,68.11,64,80,20.87,light rain
234,Marinette,US,45.1,-87.6307,71.65,52,0,11.5,clear sky
235,Herat,AF,34.5,62.0,74.61,16,0,10.63,clear sky
236,Mundo Nuevo,MX,18.7,-95.5,84.69,67,100,7.87,overcast clouds
237,Shubarshi,KZ,48.5872,57.1869,71.1,57,66,7.45,broken clouds
238,Luderitz,NA,-26.6481,15.1594,64.56,48,0,1.83,clear sky
239,Yangcun,CN,39.3639,117.0603,84.18,74,0,5.06,clear sky
240,Paita,PE,-5.0892,-81.1144,69.82,70,11,16.15,few clouds
241,Hovd,MN,48.0056,91.6419,61.95,45,5,1.19,clear sky
242,Aklavik,CA,68.2191,-135.0107,69.8,78,75,10.36,broken clouds
243,Coahuayana,MX,18.7333,-103.6833,90.07,57,100,7.36,overcast clouds
244,Baruun-Urt,MN,46.6806,113.2792,57.07,63,4,7.96,clear sky
245,Midyat,TR,37.4247,41.3393,83.52,22,28,11.36,scattered clouds
246,Sari,IR,36.5633,53.0601,76.5,66,0,5.95,clear sky
247,Kaeo,NZ,-35.1,173.7833,59.04,91,41,11.12,scattered clouds
248,Broome,US,42.2506,-75.833,83.66,52,0,9.22,clear sky
249,Porto Walter,BR,-8.2686,-72.7439,75.34,93,71,0.45,light rain
250,Adrar,MR,20.5022,-10.0711,100.74,18,30,3.13,scattered clouds
251,Uribia,CO,11.7139,-72.266,92.17,43,100,21.03,overcast clouds
252,Necochea,AR,-38.5473,-58.7368,53.87,39,59,12.73,broken clouds
253,Saskylakh,RU,71.9167,114.0833,51.89,54,100,9.93,overcast clouds
254,Vigrestad,NO,58.5667,5.7,55.96,86,100,16.31,overcast clouds
255,Pyu,MM,18.4833,96.4333,74.41,98,100,4.99,overcast clouds
256,Flin Flon,CA,54.7682,-101.865,69.64,56,100,6.91,overcast clouds
257,Christchurch,NZ,-43.5333,172.6333,49.48,93,75,2.3,broken clouds
258,Takoradi,GH,4.8845,-1.7554,76.55,86,96,11.7,overcast clouds
259,Kakogawa,JP,34.7667,134.85,78.3,90,100,3.27,overcast clouds
260,Qiongshan,CN,20.0058,110.3542,75.18,100,0,2.24,clear sky
261,Mareeba,AU,-17.0,145.4333,56.44,91,0,2.19,clear sky
262,Banjar,ID,-8.19,114.9675,71.51,88,21,5.06,few clouds
263,Ligayan,PH,4.6533,119.4706,83.12,75,100,8.81,overcast clouds
264,Silver City,US,32.7701,-108.2803,90.91,38,0,10.36,clear sky
265,Victoria,HK,22.2855,114.1577,85.32,84,98,8.99,overcast clouds
266,Florence,IT,43.7667,11.25,80.56,36,0,6.91,clear sky
267,Brookings,US,44.3114,-96.7984,82.74,56,0,6.91,clear sky
268,Shingu,JP,33.7333,135.9833,73.53,93,100,3.87,overcast clouds
269,Adre,TD,13.4667,22.2,77.14,63,95,15.26,overcast clouds
270,Esfarayen,IR,37.0765,57.5101,73.06,23,0,5.08,clear sky
271,Angoche,MZ,-16.2325,39.9086,71.89,70,6,8.93,clear sky
272,Taoudenni,ML,22.6783,-3.9836,107.56,9,1,7.45,clear sky
273,Sinnamary,GF,5.3833,-52.95,82.47,75,35,8.52,scattered clouds
274,Gat,IL,31.61,34.7642,80.4,100,3,2.39,clear sky
275,Booue,GA,-0.0921,11.9385,75.2,87,28,2.19,scattered clouds
276,Anito,PH,12.4497,125.2886,77.54,91,99,3.62,overcast clouds
277,Kavieng,PG,-2.5744,150.7967,81.77,79,99,16.33,overcast clouds
278,Saint George,US,37.1041,-113.5841,105.64,12,0,10.36,clear sky
279,Takestan,IR,36.0696,49.6959,73.53,62,0,11.5,clear sky
280,San Jose,US,37.3394,-121.895,88.9,46,20,6.91,few clouds
281,Artesia,US,33.8658,-118.0831,93.47,64,0,9.22,clear sky
282,Chernyshevskiy,RU,63.0128,112.4714,47.32,83,64,5.23,broken clouds
283,Bundaberg,AU,-24.85,152.35,44.22,85,0,1.99,clear sky
284,Paamiut,GL,61.994,-49.6678,41.02,93,100,12.46,overcast clouds
285,Awjilah,LY,29.1081,21.2869,88.45,31,3,11.86,clear sky
286,Tahta,EG,26.7693,31.5021,88.05,23,100,7.52,overcast clouds
287,Lavrentiya,RU,65.5833,-171.0,50.63,80,36,5.03,scattered clouds
288,Mkushi,ZM,-13.6202,29.3939,56.89,61,8,7.18,clear sky
289,Hermiston,US,45.8404,-119.2895,85.8,35,0,10.36,clear sky
290,Marystown,CA,47.1666,-55.1483,61.21,64,80,9.57,broken clouds
291,Peace River,CA,56.2501,-117.286,73.71,49,75,19.57,broken clouds
292,Buta,CD,2.7858,24.73,78.57,58,100,1.92,overcast clouds
293,Pangody,RU,65.85,74.4859,67.48,76,90,10.49,overcast clouds
294,Mariinsk,RU,56.2139,87.7472,55.67,81,30,4.5,scattered clouds
295,Martapura,ID,-3.4167,114.85,73.49,94,54,1.14,broken clouds
296,Kochevo,RU,59.5994,54.3125,63.5,96,90,4.0,overcast clouds
297,Alofi,NU,-19.0595,-169.9187,75.09,73,42,10.36,scattered clouds
298,Pengcheng,CN,36.4311,114.17,81.57,66,100,0.81,overcast clouds
299,Cockburn Town,TC,21.4612,-71.1419,85.96,66,40,11.5,scattered clouds
300,Geraldton,AU,-28.7667,114.6,55.81,30,0,20.71,clear sky
301,Tautira,PF,-17.7333,-149.15,77.05,70,5,3.29,clear sky
302,Hokitika,NZ,-42.7167,170.9667,52.21,93,100,18.79,light rain
303,Raudeberg,NO,61.9875,5.1352,52.47,92,100,25.64,light rain
304,Tucupita,VE,9.0622,-62.051,84.16,73,67,6.67,broken clouds
305,Bitkine,TD,11.9801,18.2138,82.29,59,100,12.39,overcast clouds
306,Englewood,US,39.6478,-104.9878,94.32,26,40,5.75,scattered clouds
307,Sisimiut,GL,66.9395,-53.6735,51.28,63,78,9.89,broken clouds
308,Ondangwa,NA,-17.9167,15.95,66.4,27,0,8.46,clear sky
309,Mae Hong Son,TH,19.3003,97.9685,73.49,99,100,2.04,overcast clouds
310,Daru,PG,-9.0763,143.2092,77.13,88,94,15.7,overcast clouds
311,Ulundi,ZA,-28.3352,31.4162,57.38,93,0,2.46,clear sky
312,Deputatskiy,RU,69.3,139.9,36.7,92,100,5.21,light rain
313,Bugene,TZ,-1.5911,31.1403,61.47,54,9,1.54,clear sky
314,Tyumentsevo,RU,53.3224,81.498,60.24,91,97,5.88,light rain
315,Tuatapere,NZ,-46.1333,167.6833,45.19,93,100,10.13,overcast clouds
316,Pontes E Lacerda,BR,-15.2261,-59.3353,94.51,20,31,4.54,scattered clouds
317,Majene,ID,-3.5403,118.9707,77.16,90,100,5.08,moderate rain
318,Klaksvik,FO,62.2266,-6.589,50.92,90,95,21.88,overcast clouds
319,Chimoio,MZ,-19.1164,33.4833,57.06,88,20,1.79,few clouds
320,Manuk Mangkaw,PH,4.8,119.85,82.76,76,100,9.55,overcast clouds
321,Wanaka,NZ,-44.7,169.15,38.1,97,100,1.01,moderate rain
322,Isangel,VU,-19.55,169.2667,76.05,82,6,7.61,clear sky
323,Allende,MX,25.2833,-100.0167,99.48,27,12,9.95,few clouds
324,Mecca,SA,21.4267,39.8261,91.8,21,100,6.13,overcast clouds
325,Fort Smith,US,35.3859,-94.3986,107.19,34,0,10.36,clear sky
326,Tacuarembo,UY,-31.7333,-55.9833,55.26,76,99,13.27,light rain
327,Redmond,US,47.674,-122.1215,76.35,64,59,3.0,broken clouds
328,Sola,VU,-13.8833,167.55,79.2,81,49,17.9,scattered clouds
329,Tours,FR,47.4167,0.6667,75.25,44,0,5.75,clear sky
330,Torres,BR,-29.3353,-49.7269,63.82,80,100,3.78,overcast clouds
331,Yeppoon,AU,-23.1333,150.7333,42.58,67,0,6.91,clear sky
332,Kruisfontein,ZA,-34.0033,24.7314,58.62,32,0,7.96,clear sky
333,Opuwo,NA,-18.0607,13.84,64.0,34,0,6.26,clear sky
334,Rawson,AR,-43.3002,-65.1023,59.36,27,0,17.18,clear sky
335,Anadyr,RU,64.75,177.4833,48.7,87,75,8.95,fog
336,Tezu,IN,27.9167,96.1667,75.29,97,42,3.89,scattered clouds
337,Petropavlovsk-Kamchatskiy,RU,53.0452,158.6483,64.99,72,0,8.95,clear sky
338,Rey Bouba,CM,8.6724,14.1786,79.18,73,34,3.24,scattered clouds
339,Umm Kaddadah,SD,13.6017,26.6876,86.77,44,100,3.56,overcast clouds
340,Sabang,ID,5.8933,95.3214,83.07,75,100,20.4,overcast clouds
341,Axim,GH,4.8699,-2.2405,76.8,86,82,11.83,light rain
342,Port Elizabeth,ZA,-33.918,25.5701,55.69,88,0,3.44,clear sky
343,Bidar,IN,17.9,77.55,71.58,90,100,17.54,moderate rain
344,Arraial Do Cabo,BR,-22.9661,-42.0278,80.56,73,0,9.22,clear sky
345,Pangnirtung,CA,66.1451,-65.7125,44.6,93,75,10.36,light intensity shower rain
346,Kasongo-Lunda,CD,-6.4667,16.8167,73.56,36,97,2.06,overcast clouds
347,Lompoc,US,34.6391,-120.4579,89.69,66,0,11.5,clear sky
348,Vanavara,RU,60.34,102.2797,49.37,95,10,3.44,clear sky
349,Kanniyakumari,IN,8.0833,77.5667,80.28,73,100,19.17,overcast clouds
350,Jurm,AF,36.8648,70.8342,67.71,46,0,1.72,clear sky
351,Desna,UA,50.9273,30.7605,68.86,76,69,7.23,broken clouds
352,Zirgan,RU,53.2222,55.9185,62.55,87,42,2.08,scattered clouds
353,Havre-Saint-Pierre,CA,50.2334,-63.5986,64.76,52,100,6.91,overcast clouds
354,Tomatlan,MX,19.9333,-105.25,92.59,53,71,10.11,broken clouds
355,Dondo,MZ,-19.6094,34.7431,67.51,81,0,4.59,clear sky
356,Namibe,AO,-15.1961,12.1522,65.5,84,100,3.22,overcast clouds
357,North Platte,US,41.1239,-100.7654,89.49,46,0,5.01,clear sky
358,Vardo,NO,70.3705,31.1107,48.18,93,75,10.36,light rain
359,Ust-Kulom,RU,61.6864,53.6902,64.65,98,100,4.59,light rain
360,Porto Novo,BJ,6.4965,2.6036,78.62,85,100,8.03,overcast clouds
361,Batemans Bay,AU,-35.7167,150.1833,50.09,75,5,5.5,clear sky
362,La Union,PE,-5.4,-80.75,81.97,41,11,14.14,few clouds
363,Los Llanos De Aridane,ES,28.6585,-17.9182,67.75,78,0,20.71,clear sky
364,Minna,NG,9.6139,6.5569,83.91,70,20,3.44,thunderstorm
365,Dosso,NE,13.049,3.1937,91.63,40,100,16.37,overcast clouds
366,Namatanai,PG,-3.6667,152.4333,80.17,77,91,10.56,overcast clouds
367,Arnsberg,DE,51.3297,8.0071,68.25,77,98,3.85,overcast clouds
368,Chimbote,PE,-9.0853,-78.5783,67.1,71,4,9.78,clear sky
369,Tura,IN,25.5198,90.2201,75.16,95,10,5.12,clear sky
370,Saint-Joseph,RE,-21.3667,55.6167,68.38,77,70,17.18,broken clouds
371,Niihama,JP,33.9593,133.3167,75.42,90,85,1.48,overcast clouds
372,Dubbo,AU,-32.25,148.6167,33.93,100,40,0.0,fog
373,Samfya,ZM,-11.3649,29.5565,62.65,56,0,11.5,clear sky
374,Celestun,MX,20.8667,-90.4,85.59,66,27,14.65,scattered clouds
375,Mahibadhoo,MV,3.7833,72.9667,82.63,77,87,13.67,overcast clouds
376,Pisco,PE,-13.7,-76.2167,66.25,68,0,12.66,clear sky
377,Mount Gambier,AU,-37.8333,140.7667,47.91,78,91,8.32,overcast clouds
378,Barranquilla,CO,10.9639,-74.7964,85.78,74,75,6.91,broken clouds
379,Ostrovnoy,RU,68.0531,39.5131,54.66,85,97,12.35,overcast clouds
380,Penzance,GB,50.1186,-5.5371,66.88,89,0,12.66,clear sky
381,Ponta Delgada,PT,37.7333,-25.6667,70.5,82,40,9.22,scattered clouds
382,Pidhorodne,UA,48.5753,35.1068,73.89,36,20,8.81,few clouds
383,Koslan,RU,63.4564,48.8989,62.96,59,61,5.7,broken clouds
384,Kirkwall,GB,58.9848,-2.9587,53.65,87,100,17.27,overcast clouds
385,Zhaotong,CN,27.3167,103.7167,63.16,82,17,0.58,few clouds
386,Mullingar,IE,53.5333,-7.35,62.94,85,88,6.64,overcast clouds
387,Haines Junction,CA,60.7522,-137.5108,64.35,45,22,5.75,few clouds
388,Kampene,CD,-3.6,26.6667,71.89,40,6,2.17,clear sky
389,Morondava,MG,-20.2833,44.2833,68.9,76,5,11.79,clear sky
390,Vostok,RU,46.4856,135.8833,61.18,92,100,4.7,light rain
391,Sistranda,NO,63.7256,8.834,51.76,89,100,26.66,overcast clouds
392,Ciudad Valles,MX,21.9833,-99.0167,95.38,41,85,6.93,overcast clouds
393,Nesbyen,NO,60.5681,9.1027,57.0,63,100,7.0,overcast clouds
394,Azangaro,PE,-14.9167,-70.2167,61.32,19,14,7.07,few clouds
395,San Patricio,US,28.017,-97.5169,99.32,41,0,16.67,clear sky
396,Perdoes,BR,-21.0908,-45.0914,72.3,40,0,3.8,clear sky
397,Luanda,AO,-8.8368,13.2343,68.36,91,100,9.08,overcast clouds
398,Yumen,CN,40.2833,97.2,73.99,17,94,6.91,overcast clouds
399,Stevens Point,US,44.5236,-89.5746,75.97,41,100,10.36,overcast clouds
400,North Bend,US,43.4065,-124.2243,78.24,79,0,10.36,clear sky
401,Independence,US,39.0911,-94.4155,90.1,67,75,10.36,broken clouds
402,Alappuzha,IN,9.49,76.3264,77.0,84,100,15.32,overcast clouds
403,Puerto Leguizamo,CO,-0.1934,-74.7819,74.34,96,93,2.21,overcast clouds
404,Bilibino,RU,68.0546,166.4372,62.29,75,58,5.3,broken clouds
405,Ahar,IR,38.4774,47.0699,63.79,61,5,4.54,clear sky
406,Half Moon Bay,US,37.4636,-122.4286,87.91,69,40,18.41,scattered clouds
407,Moen,NO,69.1304,18.6123,52.52,87,75,3.44,broken clouds
408,Coquimbo,CL,-29.9533,-71.3436,56.93,76,100,8.05,overcast clouds
409,Matamoros,MX,25.5333,-103.25,94.69,21,100,11.25,overcast clouds
410,Oxford,GB,51.7522,-1.256,77.16,51,0,5.75,clear sky
411,Blagoyevo,RU,63.3667,47.9167,61.34,64,39,4.12,scattered clouds
412,Tygda,RU,53.1167,126.3333,61.56,99,100,3.98,overcast clouds
413,Qinhuangdao,CN,39.9317,119.5883,77.11,79,0,5.57,clear sky
414,Alamosa,US,37.4695,-105.87,80.58,24,0,6.13,clear sky
415,Rio Grande,BR,-32.035,-52.0986,57.31,70,94,11.9,overcast clouds
416,Mahajanga,MG,-15.7167,46.3167,75.22,60,40,6.91,scattered clouds
417,Thunder Bay,CA,48.4001,-89.3168,75.18,43,40,8.05,scattered clouds
418,Taitung,TW,22.7583,121.1444,80.04,79,8,4.81,clear sky
419,Na Klang,TH,17.3072,102.1889,77.76,99,100,3.89,light rain
420,Binghamton,US,42.0987,-75.918,83.95,51,0,9.22,clear sky
421,Shimoda,JP,34.6667,138.95,71.1,83,100,2.71,light rain
422,Kautokeino,NO,69.0125,23.0412,49.8,78,100,3.15,overcast clouds
423,Namtsy,RU,62.7161,129.6658,52.21,84,2,5.1,clear sky
424,Beloha,MG,-25.1667,45.05,64.09,71,0,9.28,clear sky
425,Bantogon,PH,6.5333,124.0333,77.68,86,99,7.18,light rain
426,Sulina,RO,45.1559,29.6536,68.7,80,5,16.51,clear sky
427,Peterhead,GB,57.5058,-1.7981,61.2,70,100,17.92,overcast clouds
428,Pierre,US,44.3683,-100.351,85.86,62,40,10.36,scattered clouds
429,Korsakov,RU,46.6328,142.7813,60.64,93,0,3.06,clear sky
430,Rorvik,NO,64.8621,11.2373,53.71,87,75,18.41,broken clouds
431,Nome,US,64.5011,-165.4064,64.17,93,20,8.05,few clouds
432,Houma,US,29.5958,-90.7195,92.01,86,40,4.61,scattered clouds
433,Sosnovoborsk,RU,56.1325,93.3589,61.09,73,100,1.81,overcast clouds
434,Moranbah,AU,-22.0016,148.0466,48.13,61,0,9.69,clear sky
435,Tromso,NO,69.6496,18.957,51.82,82,75,3.44,broken clouds
436,Banda Aceh,ID,5.5577,95.3222,80.76,72,100,12.84,overcast clouds
437,Namalenga,TZ,-10.95,39.1,66.58,74,0,6.06,clear sky
438,Tanout,NE,14.9709,8.8879,96.31,15,100,4.41,overcast clouds
439,Aguimes,ES,27.9054,-15.4461,72.23,73,20,26.46,few clouds
440,Sao Joao Da Barra,BR,-21.6403,-41.0511,78.89,79,0,15.82,clear sky
441,Mama,RU,58.3106,112.8986,62.46,84,99,1.97,overcast clouds
442,Baherden,TM,38.4362,57.4316,80.83,20,0,2.17,clear sky
443,Labuhan,ID,-6.8844,112.2051,73.63,78,1,7.31,clear sky
444,Vaitape,PF,-16.5167,-151.75,78.03,66,0,6.38,clear sky
445,Roebourne,AU,-20.7833,117.1333,60.58,23,0,11.32,clear sky
446,Sao Geraldo Do Araguaia,BR,-6.4006,-48.555,91.13,40,65,5.35,broken clouds
447,Kalispell,US,48.1958,-114.3129,80.78,43,11,1.01,few clouds
448,Jaumave,MX,23.4167,-99.3833,94.12,34,79,8.01,broken clouds
449,Brae,GB,60.3964,-1.353,52.41,85,6,21.74,clear sky
450,Jodhpur,IN,26.2867,73.03,81.61,79,57,7.85,broken clouds
451,Dhidhdhoo,MV,6.8833,73.1,81.48,79,100,17.72,overcast clouds
452,Altay,CN,47.8667,88.1167,62.04,41,13,6.35,few clouds
453,Wilhelmsburg,AT,48.1057,15.6054,62.65,77,37,8.12,scattered clouds
454,Garden City,US,42.3256,-83.331,82.65,78,100,9.22,heavy intensity rain
455,Gigmoto,PH,13.7796,124.39,80.62,84,100,4.16,overcast clouds
456,Gniezno,PL,52.5348,17.5826,61.9,78,57,10.42,broken clouds
457,Dudinka,RU,69.4058,86.1778,51.62,83,97,5.1,overcast clouds
458,Telemaco Borba,BR,-24.3239,-50.6156,68.34,60,100,2.66,overcast clouds
459,Sakhon Nakhon,TH,17.1612,104.1472,75.88,93,100,3.09,overcast clouds
460,Khovu-Aksy,RU,51.1333,93.6,50.65,76,39,2.13,scattered clouds
461,Elat,IL,29.5581,34.9482,96.64,16,0,3.44,clear sky
462,Dali,CN,25.7,100.1833,63.79,80,16,1.25,few clouds
463,Viet Tri,VN,21.3019,105.4308,80.55,94,100,0.85,overcast clouds
464,Yongan,CN,39.6957,113.6871,67.68,32,2,3.76,clear sky
465,Port Augusta,AU,-32.5,137.7667,45.09,88,8,4.12,clear sky
466,Praia Da Vitoria,PT,38.7333,-27.0667,70.05,73,75,13.4,broken clouds
467,Fukue,JP,32.6881,128.8419,79.27,91,1,12.33,clear sky
468,Omboue,GA,-1.5746,9.2618,72.48,85,100,8.86,overcast clouds
469,Svetlogorsk,BY,52.6333,29.7333,63.27,68,100,4.05,overcast clouds
470,Olivehurst,US,39.0955,-121.5522,94.89,30,0,5.75,clear sky
471,Skjervoy,NO,70.0311,20.9714,53.6,81,100,3.85,overcast clouds
472,Port Blair,IN,11.6667,92.75,81.9,83,95,13.73,overcast clouds
473,Bloomfield,US,40.8068,-74.1854,89.17,61,75,11.5,broken clouds
474,Quelimane,MZ,-17.8786,36.8883,69.75,83,20,3.44,few clouds
475,Nioki,CD,-2.7167,17.6833,79.66,33,90,1.16,overcast clouds
476,Aljezur,PT,37.3191,-8.8033,72.28,75,2,4.88,clear sky
477,Laguna,US,38.421,-121.4238,93.31,38,0,5.75,clear sky
478,Burila Mare,RO,44.4528,22.5736,68.85,72,100,2.48,overcast clouds
479,Bambanglipuro,ID,-7.95,110.2833,71.73,82,8,3.62,clear sky
480,Churapcha,RU,62.0025,132.4325,54.59,80,1,4.18,clear sky
481,Streator,US,41.1209,-88.8354,77.58,84,77,9.95,heavy intensity rain
482,Keti Bandar,PK,24.1447,67.4497,81.34,83,100,20.71,heavy intensity rain
483,Usinsk,RU,65.9939,57.5281,58.5,77,34,5.14,scattered clouds
484,Inhambane,MZ,-23.865,35.3833,62.58,88,0,0.0,clear sky
485,Orlik,RU,52.5178,99.825,48.83,83,96,2.59,overcast clouds
486,Kimbe,PG,-5.5502,150.1429,74.25,91,100,3.58,overcast clouds
487,Mandurah,AU,-32.55,115.7,64.9,48,100,19.46,overcast clouds
488,Hede,CN,33.7681,120.2517,78.12,91,0,2.98,clear sky
489,Bilma,NE,18.6853,12.9164,97.88,13,88,3.22,overcast clouds
490,Karasjok,NO,69.4719,25.5112,50.38,83,100,7.31,overcast clouds
491,Ongandjera,NA,-17.8833,15.0667,66.38,29,4,8.66,clear sky
492,Djibo,BF,14.1022,-1.6306,98.76,27,64,10.51,broken clouds
493,Baghdad,IQ,33.3406,44.4009,96.71,19,0,9.22,clear sky
494,Carutapera,BR,-1.195,-46.02,81.88,73,6,10.65,clear sky
495,Giyon,ET,8.5333,37.9833,57.76,94,100,0.94,light rain
496,Disna,BY,55.568,28.1971,56.59,89,100,5.79,overcast clouds
497,Palora,EC,-1.7,-77.9333,68.11,62,87,4.97,light rain
498,Burnie,AU,-41.0667,145.9167,42.94,78,100,5.55,overcast clouds
499,Jawhar,SO,2.7809,45.5005,72.97,80,75,13.6,broken clouds
500,Zambezi,ZM,-13.5432,23.1047,59.16,44,6,5.1,clear sky
501,Hualmay,PE,-11.0964,-77.6139,66.47,69,5,8.95,clear sky
502,Kemijarvi,FI,66.7131,27.4306,54.66,69,100,6.04,overcast clouds
503,Megion,RU,61.0296,76.1136,60.82,69,83,6.11,broken clouds
504,Nantucket,US,41.2835,-70.0995,77.11,72,40,8.05,scattered clouds
505,Kourou,GF,5.1552,-52.6478,84.25,73,54,7.18,broken clouds
506,Bintulu,MY,3.1667,113.0333,75.61,88,20,7.0,few clouds
507,Acarau,BR,-2.8856,-40.12,81.66,74,3,16.67,clear sky
508,Dharchula,IN,29.85,80.5333,74.82,96,100,1.39,moderate rain
509,Alyangula,AU,-13.8483,136.4192,68.86,62,58,14.41,broken clouds
510,Omsukchan,RU,62.5333,155.8,71.06,67,25,7.61,scattered clouds
511,Cedar City,US,37.6775,-113.0619,87.4,13,0,19.57,clear sky
512,Mamontovo,RU,52.7055,81.6244,59.2,86,100,6.69,overcast clouds
513,Can Tho,VN,10.0333,105.7833,77.59,88,100,5.75,overcast clouds
514,Lasa,IT,46.6166,10.7002,68.88,64,0,6.76,clear sky
515,Yerofey Pavlovich,RU,53.9667,121.9667,56.01,98,100,2.26,moderate rain
516,Sohag,EG,26.557,31.6948,91.69,23,90,8.97,overcast clouds
517,La Argentina,CO,2.1961,-75.98,64.65,89,98,0.83,overcast clouds
518,Liuzhou,CN,24.3126,109.3892,76.3,94,25,1.34,scattered clouds
519,Pilar,BR,-9.5972,-35.9567,78.73,87,0,7.07,clear sky
520,Rawatbhata,IN,24.9333,75.5833,84.88,72,100,8.39,moderate rain
521,Tombouctou,ML,20.0,-3.0,99.21,12,0,8.63,clear sky
522,Acapulco,MX,16.8634,-99.8901,86.97,65,66,6.89,broken clouds
523,General Roca,AR,-39.0333,-67.5833,52.66,27,51,4.7,broken clouds
524,Tual,ID,-5.6667,132.75,79.05,80,100,20.07,overcast clouds
525,Rodrigues Alves,BR,-7.738,-72.6509,86.2,50,4,2.24,light rain
526,Urusha,RU,54.05,122.9,56.32,98,100,5.59,light rain
527,Taylorville,US,39.5489,-89.2945,85.87,83,100,4.61,overcast clouds
528,Kloulklubed,PW,7.0419,134.2556,79.7,87,100,17.4,moderate rain
529,Jega,NG,12.2175,4.3792,80.29,66,100,16.71,light rain
530,Ust-Ilimsk,RU,58.0006,102.6619,49.62,91,21,2.93,few clouds
531,Salalah,OM,17.0151,54.0924,77.09,100,100,4.61,drizzle
532,Shwebo,MM,22.5667,95.7,79.47,84,100,9.84,overcast clouds
533,Okha,RU,53.5739,142.9478,63.95,84,100,10.02,overcast clouds
534,Hobyo,SO,5.3505,48.5268,75.22,80,100,30.47,overcast clouds
535,Fort Oglethorpe,US,34.949,-85.2569,98.91,56,75,9.22,broken clouds
536,Bima,ID,-8.4667,118.7167,70.97,91,96,3.62,overcast clouds
537,Lincoln,US,40.8,-96.667,83.26,73,75,11.5,broken clouds
538,Ballia,IN,25.7557,84.1503,92.23,50,100,9.24,overcast clouds
539,Smithers,CA,54.7804,-127.1743,61.12,67,75,3.44,broken clouds
540,Lashio,MM,22.9333,97.75,67.82,99,67,0.69,broken clouds
541,Sainte-Suzanne,RE,-20.9061,55.6089,70.02,71,40,19.57,scattered clouds
542,Tambopata,PE,-12.7333,-69.1833,80.49,74,75,6.91,broken clouds
543,Pusad,IN,19.9,77.5833,76.46,87,100,15.17,overcast clouds
544,Aliwal North,ZA,-30.6937,26.7114,46.15,25,0,1.59,clear sky
545,Shahabad,IN,27.65,79.95,95.0,41,99,11.03,overcast clouds
546,Springbok,ZA,-29.6643,17.8865,60.03,25,0,7.7,clear sky
547,Gilgit,PK,35.9221,74.3087,85.69,55,3,4.97,clear sky
548,Stromness,GB,58.965,-3.296,53.56,89,89,11.01,overcast clouds
549,Khasan,RU,42.4308,130.6434,64.76,99,100,7.18,overcast clouds
550,Si Sa Ket,TH,14.8333,104.3333,74.91,93,100,5.64,moderate rain
551,Mandeville,JM,18.0417,-77.5071,84.27,46,22,14.03,few clouds
552,Montrose,US,38.4166,-108.2673,81.81,10,0,10.94,clear sky
553,Bonavista,CA,48.6499,-53.1147,54.59,80,83,15.05,broken clouds
554,Aranos,NA,-24.1333,19.1167,58.05,32,0,13.09,clear sky
555,Dicabisagan,PH,17.0818,122.4157,77.86,90,99,2.95,overcast clouds
556,High Level,CA,58.5169,-117.136,69.91,73,75,12.66,light rain
557,Olinda,BR,-8.0089,-34.8553,78.53,83,40,14.97,scattered clouds
558,Srednekolymsk,RU,67.45,153.6833,54.79,67,28,9.44,scattered clouds
559,Olga,RU,43.7444,135.2892,65.39,100,100,3.09,moderate rain
560,Oksfjord,NO,70.2396,22.3479,53.67,88,100,3.11,overcast clouds
561,Ixtapa,MX,20.7,-105.2,90.52,57,93,6.46,overcast clouds
562,Edd,ER,13.9297,41.6925,89.82,67,100,7.7,overcast clouds
563,Molepolole,BW,-24.4066,25.4951,55.54,48,0,5.14,clear sky
564,Baykit,RU,61.67,96.37,57.51,69,100,1.9,overcast clouds
565,Fairview,US,40.8126,-73.999,88.25,65,40,8.05,scattered clouds
566,Ust-Kuyga,RU,70.0167,135.6,40.44,60,100,4.34,overcast clouds
567,Talnakh,RU,69.4865,88.3972,51.21,86,100,5.75,overcast clouds
568,Lithakia,GR,37.7167,20.8333,78.17,77,0,15.61,clear sky
569,Port Shepstone,ZA,-30.7414,30.455,63.81,82,1,6.89,clear sky
570,Simao,CN,22.7886,100.9748,64.83,96,70,0.96,broken clouds
571,Finschhafen,PG,-6.6024,147.8681,78.58,78,66,9.46,broken clouds
572,Oranjemund,NA,-28.55,16.4333,64.67,38,0,4.88,clear sky
573,Portland,US,45.5234,-122.6762,78.64,59,75,6.91,broken clouds
574,Toora-Khem,RU,52.4675,96.11,52.84,83,79,1.54,broken clouds
575,Vao,NC,-22.6667,167.4833,74.3,88,0,7.87,clear sky
576,Kantang,TH,7.4054,99.5156,76.8,91,100,3.0,heavy intensity rain
577,Sakaiminato,JP,35.55,133.2333,76.98,94,75,4.61,broken clouds
578,Ewa Beach,US,21.3156,-158.0072,81.09,71,75,12.66,broken clouds
579,Qandala,SO,11.472,49.8728,91.15,45,10,20.89,clear sky
580,Kez,RU,57.8979,53.7152,62.82,95,34,4.74,scattered clouds
581,Maraa,BR,-1.8333,-65.3667,80.19,77,95,2.8,overcast clouds
582,Itaituba,BR,-4.2761,-55.9836,89.76,62,20,10.36,few clouds
583,Maceio,BR,-9.6658,-35.7353,80.04,65,75,14.97,broken clouds
584,Pyay,MM,18.8167,95.2167,77.68,86,100,3.18,overcast clouds
585,Abapo,BO,-18.8333,-63.4667,82.54,40,36,13.4,scattered clouds
586,Kenai,US,60.5544,-151.2583,63.09,66,75,10.36,broken clouds
587,Balsas,BR,-7.5325,-46.0356,92.48,31,45,7.76,scattered clouds
588,Sorland,NO,67.667,12.6934,51.66,92,100,19.64,overcast clouds
589,Linqing,CN,36.8456,115.7117,79.84,65,91,5.99,overcast clouds
590,Faya,SA,18.3851,42.4509,66.31,51,100,7.43,light rain
591,Dera Bugti,PK,29.0307,69.151,91.69,54,10,2.98,heavy intensity rain
592,Cuamba,MZ,-14.8031,36.5372,60.28,75,1,3.62,clear sky
593,Lianran,CN,24.9227,102.485,63.14,90,92,2.39,overcast clouds
594,Berlevag,NO,70.8578,29.0864,50.0,93,75,0.0,light rain
595,Mae Sai,TH,20.4335,99.8762,72.99,99,100,1.99,light rain
596,Wakkanai,JP,45.4094,141.6739,64.62,89,0,1.54,clear sky
597,Juneau,US,58.3019,-134.4197,59.0,90,100,17.27,overcast clouds
598,Kitob,UZ,39.0843,66.8332,73.31,31,0,7.0,clear sky
599,George,ZA,-33.963,22.4617,49.55,100,100,2.3,overcast clouds
600,Batsfjord,NO,70.6345,29.7185,49.93,100,100,4.61,light rain
601,Foldeak,HU,46.3167,20.5,70.12,39,93,8.9,overcast clouds
602,Roald,NO,62.5833,6.1333,56.75,87,75,21.85,light rain
603,Zhezkazgan,KZ,47.8043,67.7144,68.34,55,100,8.05,overcast clouds
604,Turukhansk,RU,65.8167,87.9833,55.98,94,100,7.2,overcast clouds
605,Dongying,CN,37.4564,118.4856,82.63,56,94,5.23,overcast clouds
606,Udachnyy,RU,66.4167,112.4,43.45,93,100,3.29,overcast clouds
607,Eenhana,NA,-17.4667,16.3333,62.6,31,0,6.24,clear sky
608,Huancavelica,PE,-12.7667,-74.9833,48.72,38,18,10.02,few clouds
609,Serdobsk,RU,52.4586,44.2169,71.22,65,88,2.86,overcast clouds
610,Nago,JP,26.5881,127.9761,83.25,92,100,8.95,overcast clouds
611,Vangaindrano,MG,-23.35,47.6,64.09,87,22,4.21,light rain
612,Valle De Allende,MX,26.9333,-105.4,88.97,25,94,11.16,overcast clouds
613,Wakefield,GB,53.6809,-1.499,69.26,72,43,9.33,scattered clouds
614,Ternate,ID,0.8,127.4,79.34,81,100,6.15,overcast clouds
615,Honiara,SB,-9.4333,159.95,75.18,79,14,7.27,few clouds
616,Kemi,FI,65.8596,24.8228,60.57,72,0,8.05,clear sky
617,Sobolevo,RU,54.4299,31.8996,57.07,83,20,0.63,few clouds
618,Charlestown,AU,-32.95,151.6667,47.98,84,0,4.0,clear sky
619,Soverato,IT,38.685,16.5499,71.55,79,1,1.5,clear sky
620,Formiga,BR,-20.4644,-45.4264,72.3,40,0,4.5,clear sky
621,Aksu,CN,41.1231,80.2644,78.28,37,73,10.36,broken clouds
622,Karratha,AU,-20.7377,116.8463,61.11,27,0,11.14,clear sky
623,Khanu Woralaksaburi,TH,16.0617,99.8606,78.04,90,100,3.24,moderate rain
624,Bitung,ID,1.4451,125.1824,77.85,87,100,10.4,overcast clouds
625,Inta,RU,66.0317,60.1659,58.15,76,95,8.81,overcast clouds
626,Sao Jose Da Coroa Grande,BR,-8.8978,-35.1478,75.83,82,14,12.41,few clouds
627,Reinosa,ES,42.9996,-4.138,56.79,95,0,5.19,clear sky
628,Zhumadian,CN,32.9794,114.0294,78.64,91,0,5.99,clear sky
629,Derzhavinsk,KZ,51.1,66.3167,62.96,80,44,8.46,scattered clouds
630,Nyurba,RU,63.2842,118.3319,58.57,74,99,2.91,overcast clouds
631,Magadan,RU,59.5667,150.8,54.54,97,100,1.97,overcast clouds
632,San Andres,CO,12.5847,-81.7006,86.02,70,75,16.11,broken clouds
633,Cataingan,PH,12.003,123.992,77.72,87,80,2.93,broken clouds
634,Kushima,JP,31.4583,131.2333,77.29,93,44,3.38,moderate rain
635,Aswan,EG,24.0934,32.907,94.3,11,0,9.22,clear sky
636,Hasaki,JP,35.7333,140.8333,72.0,82,98,16.49,overcast clouds
637,High Rock,BS,26.6208,-78.2833,87.82,72,99,15.5,overcast clouds
638,Mantua,IT,45.1667,10.7833,83.35,56,0,5.01,clear sky
639,Komsomolskiy,UZ,40.4272,71.7189,81.32,26,4,4.61,clear sky
640,Zhigansk,RU,66.7697,123.3711,47.16,58,13,3.85,few clouds
641,Amarkantak,IN,22.6667,81.75,72.0,84,36,3.02,scattered clouds
642,Henties Bay,NA,-22.116,14.2845,60.62,73,0,3.65,clear sky
643,Coxim,BR,-18.5067,-54.76,92.25,19,46,6.29,scattered clouds
644,Maningrida,AU,-12.0667,134.2667,57.4,91,11,10.83,few clouds
645,Ambunti,PG,-4.2365,142.8448,71.98,99,100,0.49,overcast clouds
646,San Quintin,MX,30.4833,-115.95,74.35,63,2,15.97,clear sky
647,Ilo,PE,-17.6394,-71.3375,65.26,68,0,9.22,clear sky
648,Saint Anthony,US,45.0205,-93.218,82.04,71,100,13.8,overcast clouds
649,Sangar,RU,63.9242,127.4739,47.77,90,1,3.02,clear sky
650,Sierre,CH,46.2919,7.5356,72.95,46,0,12.66,clear sky
651,Roma,US,43.2128,-75.4557,79.72,63,100,11.99,overcast clouds
652,Panaba,MX,21.2833,-88.2667,91.38,50,72,18.28,broken clouds
653,Severo-Yeniseyskiy,RU,60.3725,93.0408,53.78,77,100,2.55,overcast clouds
654,Pangoa,PE,-12.1167,-73.0,81.63,57,74,5.68,broken clouds
655,Bodden Town,KY,19.2833,-81.25,87.01,77,40,6.91,scattered clouds
656,Babol,IR,36.5513,52.679,76.98,78,0,0.0,clear sky
657,Anloga,GH,5.7947,0.8973,77.77,86,44,13.78,light rain
658,Hopfgarten,DE,50.9833,11.2667,64.78,80,61,5.86,broken clouds
659,Iracoubo,GF,5.4802,-53.2011,82.11,76,21,8.86,few clouds
660,Labuan,MY,5.2767,115.2417,75.56,94,40,11.99,thunderstorm with heavy rain
661,Asasa,ET,7.1,39.2,54.52,90,79,4.25,broken clouds
662,Preobrazheniye,RU,42.9019,133.9064,65.55,99,100,9.08,light rain
663,Yatou,CN,37.15,122.3833,74.01,77,2,6.24,clear sky
664,Shitanjing,CN,39.2342,106.3439,75.42,26,34,6.35,scattered clouds
665,Ribas Do Rio Pardo,BR,-20.4431,-53.7592,86.11,24,54,5.19,broken clouds
666,Saint-Denis,FR,48.9167,2.3333,76.78,45,0,8.05,clear sky
667,Avera,US,33.194,-82.5271,96.85,55,100,3.47,overcast clouds
668,Eyrarbakki,IS,63.863,-21.1481,59.2,74,94,11.14,overcast clouds
669,Saint-Georges,GD,12.0564,-61.7485,83.88,84,40,23.02,scattered clouds
670,Buala,SB,-8.145,159.5921,79.0,80,46,7.99,scattered clouds
